<?xml version='1.0' encoding='UTF-8'?>
<?artifactRepository version='1.1.0'?>
<repository name='Bundle pool' type='org.eclipse.equinox.p2.artifact.repository.simpleRepository' version='1'>
  <properties size='2'>
    <property name='p2.system' value='true'/>
    <property name='p2.timestamp' value='1445967740604'/>
  </properties>
  <mappings size='3'>
    <rule filter='(&amp; (classifier=osgi.bundle))' output='${repoUrl}/plugins/${id}_${version}.jar'/>
    <rule filter='(&amp; (classifier=binary))' output='${repoUrl}/binary/${id}_${version}'/>
    <rule filter='(&amp; (classifier=org.eclipse.update.feature))' output='${repoUrl}/features/${id}_${version}.jar'/>
  </mappings>
  <artifacts size='105'>
    <artifact classifier='osgi.bundle' id='org.eclipse.core.variables' version='3.2.800.v20130819-1716'>
      <properties size='1'>
        <property name='download.size' value='34860'/>
      </properties>
    </artifact>
    <artifact classifier='osgi.bundle' id='org.eclipse.xtext.example.fowlerdsl.web' version='1.0.0.20151027-1741'>
      <properties size='1'>
        <property name='download.size' value='365805'/>
      </properties>
    </artifact>
    <artifact classifier='osgi.bundle' id='org.apache.felix.gogo.runtime' version='0.10.0.v201209301036'>
      <properties size='1'>
        <property name='download.size' value='79641'/>
      </properties>
    </artifact>
    <artifact classifier='osgi.bundle' id='org.eclipse.emf.rap.edit.ui' version='2.9.0.v20150806-0404'>
      <properties size='1'>
        <property name='download.size' value='149953'/>
      </properties>
    </artifact>
    <artifact classifier='osgi.bundle' id='org.eclipse.rap.jface' version='3.0.1.20150709-1405'>
      <properties size='1'>
        <property name='download.size' value='1068081'/>
      </properties>
    </artifact>
    <artifact classifier='osgi.bundle' id='org.eclipse.core.databinding.property' version='1.5.0.v20150422-0725'>
      <properties size='1'>
        <property name='download.size' value='176143'/>
      </properties>
    </artifact>
    <artifact classifier='osgi.bundle' id='org.apache.log4j' version='1.2.15.v201012070815'>
      <properties size='1'>
        <property name='download.size' value='427332'/>
      </properties>
    </artifact>
    <artifact classifier='osgi.bundle' id='org.eclipse.rap.ui.workbench' version='3.0.1.20150709-1405'>
      <properties size='1'>
        <property name='download.size' value='3720269'/>
      </properties>
    </artifact>
    <artifact classifier='osgi.bundle' id='org.xtext.example.domainmodel' version='1.0.0.20151027-1741'>
      <properties size='1'>
        <property name='download.size' value='112660'/>
      </properties>
    </artifact>
    <artifact classifier='osgi.bundle' id='org.eclipse.core.databinding' version='1.5.0.v20150422-0725'>
      <properties size='1'>
        <property name='download.size' value='200337'/>
      </properties>
    </artifact>
    <artifact classifier='osgi.bundle' id='org.eclipse.core.runtime' version='3.11.1.v20150903-1804'>
      <properties size='1'>
        <property name='download.size' value='78923'/>
      </properties>
    </artifact>
    <artifact classifier='osgi.bundle' id='javax.persistence' version='2.1.0.v201304241213'>
      <properties size='1'>
        <property name='download.size' value='183080'/>
      </properties>
    </artifact>
    <artifact classifier='osgi.bundle' id='org.eclipse.equinox.common' version='3.7.0.v20150402-1709'>
      <properties size='1'>
        <property name='download.size' value='111675'/>
      </properties>
    </artifact>
    <artifact classifier='osgi.bundle' id='org.eclipse.jdt.launching' version='3.8.0.v20150527-0946'>
      <properties size='1'>
        <property name='download.size' value='339415'/>
      </properties>
    </artifact>
    <artifact classifier='osgi.bundle' id='org.eclipse.emf.mwe2.runtime' version='2.8.1.v201508030321'>
      <properties size='1'>
        <property name='download.size' value='14076'/>
      </properties>
    </artifact>
    <artifact classifier='osgi.bundle' id='org.eclipse.xtend.lib' version='2.8.4.v201508050135'>
      <properties size='1'>
        <property name='download.size' value='256368'/>
      </properties>
    </artifact>
    <artifact classifier='osgi.bundle' id='org.eclipse.rap.ui.forms' version='3.0.1.20150709-1405'>
      <properties size='1'>
        <property name='download.size' value='308054'/>
      </properties>
    </artifact>
    <artifact classifier='osgi.bundle' id='org.dslforge.workbench' version='1.0.0.201510271741'>
      <properties size='1'>
        <property name='download.size' value='221727'/>
      </properties>
    </artifact>
    <artifact classifier='osgi.bundle' id='org.eclipse.gemini.jpa' version='1.2.0.M1'>
      <properties size='1'>
        <property name='download.size' value='185637'/>
      </properties>
      <repositoryProperties size='1'>
        <property name='artifact.folder' value='true'/>
      </repositoryProperties>
    </artifact>
    <artifact classifier='osgi.bundle' id='org.apache.felix.gogo.command' version='0.10.0.v201209301215'>
      <properties size='1'>
        <property name='download.size' value='57040'/>
      </properties>
    </artifact>
    <artifact classifier='osgi.bundle' id='org.eclipse.persistence.core' version='2.6.1.v20150916-55dc7c3'>
      <properties size='1'>
        <property name='download.size' value='5349395'/>
      </properties>
    </artifact>
    <artifact classifier='osgi.bundle' id='org.eclipse.sphinx.examples.xtext.hummingbird.web' version='1.0.0.20151027-1741'>
      <properties size='1'>
        <property name='download.size' value='392229'/>
      </properties>
    </artifact>
    <artifact classifier='osgi.bundle' id='org.eclipse.rap.ui' version='3.0.1.20150709-1405'>
      <properties size='1'>
        <property name='download.size' value='164512'/>
      </properties>
    </artifact>
    <artifact classifier='osgi.bundle' id='org.eclipse.debug.core' version='3.10.0.v20150303-1130'>
      <properties size='1'>
        <property name='download.size' value='362280'/>
      </properties>
    </artifact>
    <artifact classifier='osgi.bundle' id='org.xtext.example.domainmodel.web' version='1.0.0.20151027-1741'>
      <properties size='1'>
        <property name='download.size' value='370736'/>
      </properties>
    </artifact>
    <artifact classifier='osgi.bundle' id='org.objectweb.asm' version='5.0.1.v201404251740'>
      <properties size='1'>
        <property name='download.size' value='63419'/>
      </properties>
    </artifact>
    <artifact classifier='osgi.bundle' id='osgi.enterprise' version='4.2.0.v201108120515'>
      <properties size='1'>
        <property name='download.size' value='159935'/>
      </properties>
    </artifact>
    <artifact classifier='osgi.bundle' id='javax.inject' version='1.0.0.v20091030'>
      <properties size='1'>
        <property name='download.size' value='16996'/>
      </properties>
    </artifact>
    <artifact classifier='osgi.bundle' id='javax.servlet' version='3.1.0.v201410161800'>
      <properties size='1'>
        <property name='download.size' value='105237'/>
      </properties>
    </artifact>
    <artifact classifier='osgi.bundle' id='org.eclipse.emf.mwe.utils' version='1.3.11.v201508030321'>
      <properties size='1'>
        <property name='download.size' value='35582'/>
      </properties>
    </artifact>
    <artifact classifier='osgi.bundle' id='org.eclipse.core.expressions' version='3.5.0.v20150421-2214'>
      <properties size='1'>
        <property name='download.size' value='90250'/>
      </properties>
    </artifact>
    <artifact classifier='osgi.bundle' id='org.eclipse.equinox.http.servlet' version='1.2.1.v20150828-1818'>
      <properties size='1'>
        <property name='download.size' value='171803'/>
      </properties>
    </artifact>
    <artifact classifier='osgi.bundle' id='org.eclipse.emf.common' version='2.11.0.v20150805-0538'>
      <properties size='1'>
        <property name='download.size' value='354370'/>
      </properties>
    </artifact>
    <artifact classifier='osgi.bundle' id='org.eclipse.sphinx.examples.xtext.hummingbird' version='1.0.0.20151027-1741'>
      <properties size='1'>
        <property name='download.size' value='63604'/>
      </properties>
    </artifact>
    <artifact classifier='osgi.bundle' id='org.eclipse.core.contenttype' version='3.5.0.v20150421-2214'>
      <properties size='1'>
        <property name='download.size' value='99189'/>
      </properties>
    </artifact>
    <artifact classifier='osgi.bundle' id='org.eclipse.emf.codegen.ecore' version='2.11.0.v20150806-0404'>
      <properties size='1'>
        <property name='download.size' value='1079081'/>
      </properties>
    </artifact>
    <artifact classifier='osgi.bundle' id='org.eclipse.equinox.console' version='1.1.100.v20141023-1406'>
      <properties size='1'>
        <property name='download.size' value='118822'/>
      </properties>
    </artifact>
    <artifact classifier='osgi.bundle' id='org.eclipse.xpand' version='2.1.0.v201505260349'>
      <properties size='1'>
        <property name='download.size' value='231727'/>
      </properties>
    </artifact>
    <artifact classifier='osgi.bundle' id='org.eclipse.core.databinding.observable' version='1.5.0.v20150422-0725'>
      <properties size='1'>
        <property name='download.size' value='311734'/>
      </properties>
    </artifact>
    <artifact classifier='osgi.bundle' id='com.google.inject' version='3.0.0.v201312141243'>
      <properties size='1'>
        <property name='download.size' value='520626'/>
      </properties>
    </artifact>
    <artifact classifier='osgi.bundle' id='org.eclipse.persistence.jpa' version='2.6.1.v20150916-55dc7c3'>
      <properties size='1'>
        <property name='download.size' value='1436687'/>
      </properties>
    </artifact>
    <artifact classifier='osgi.bundle' id='org.dslforge.example.java.web' version='1.0.0.20151027-1741'>
      <properties size='1'>
        <property name='download.size' value='344932'/>
      </properties>
    </artifact>
    <artifact classifier='osgi.bundle' id='org.eclipse.xtext.util' version='2.8.4.v201508050135'>
      <properties size='1'>
        <property name='download.size' value='233249'/>
      </properties>
    </artifact>
    <artifact classifier='osgi.bundle' id='org.eclipse.xtext.xbase.lib' version='2.8.4.v201508050135'>
      <properties size='1'>
        <property name='download.size' value='137170'/>
      </properties>
    </artifact>
    <artifact classifier='osgi.bundle' id='org.eclipse.persistence.asm' version='5.0.1.v201405080102'>
      <properties size='1'>
        <property name='download.size' value='323238'/>
      </properties>
    </artifact>
    <artifact classifier='osgi.bundle' id='org.eclipse.osgi.services' version='3.5.0.v20150519-2006'>
      <properties size='1'>
        <property name='download.size' value='110093'/>
      </properties>
    </artifact>
    <artifact classifier='osgi.bundle' id='org.eclipse.xtext.common.types' version='2.8.4.v201508050135'>
      <properties size='1'>
        <property name='download.size' value='469260'/>
      </properties>
    </artifact>
    <artifact classifier='osgi.bundle' id='org.apache.commons.cli' version='1.2.0.v201404270220'>
      <properties size='1'>
        <property name='download.size' value='48957'/>
      </properties>
    </artifact>
    <artifact classifier='osgi.bundle' id='org.eclipse.osgi' version='3.10.101.v20150820-1432'>
      <properties size='1'>
        <property name='download.size' value='1306323'/>
      </properties>
    </artifact>
    <artifact classifier='osgi.bundle' id='org.eclipse.rap.ui.cheatsheets' version='3.0.1.20150709-1405'>
      <properties size='1'>
        <property name='download.size' value='333209'/>
      </properties>
    </artifact>
    <artifact classifier='osgi.bundle' id='org.eclipse.emf.ecore.change' version='2.11.0.v20150805-0538'>
      <properties size='1'>
        <property name='download.size' value='87094'/>
      </properties>
    </artifact>
    <artifact classifier='osgi.bundle' id='org.xtext.example.mydsl' version='1.0.0.20151027-1741'>
      <properties size='1'>
        <property name='download.size' value='60108'/>
      </properties>
    </artifact>
    <artifact classifier='osgi.bundle' id='org.eclipse.equinox.servletbridge' version='1.3.0.v20140430-1556'>
      <properties size='1'>
        <property name='download.size' value='43729'/>
      </properties>
    </artifact>
    <artifact classifier='osgi.bundle' id='org.apache.commons.lang' version='2.6.0.v201404270220'>
      <properties size='1'>
        <property name='download.size' value='298623'/>
      </properties>
    </artifact>
    <artifact classifier='osgi.bundle' id='org.eclipse.xtext.example.fowlerdsl' version='2.8.3.20151027-1741'>
      <properties size='1'>
        <property name='download.size' value='100353'/>
      </properties>
    </artifact>
    <artifact classifier='osgi.bundle' id='org.antlr.runtime' version='3.2.0.v201101311130'>
      <properties size='1'>
        <property name='download.size' value='213978'/>
      </properties>
    </artifact>
    <artifact classifier='osgi.bundle' id='org.eclipse.help' version='3.6.0.v20130326-1254'>
      <properties size='1'>
        <property name='download.size' value='258927'/>
      </properties>
    </artifact>
    <artifact classifier='osgi.bundle' id='org.eclipse.rap.rwt' version='3.0.1.20150908-1130'>
      <properties size='1'>
        <property name='download.size' value='2926544'/>
      </properties>
    </artifact>
    <artifact classifier='osgi.bundle' id='org.apache.felix.gogo.shell' version='0.10.0.v201212101605'>
      <properties size='1'>
        <property name='download.size' value='60225'/>
      </properties>
    </artifact>
    <artifact classifier='osgi.bundle' id='com.ibm.icu.base' version='54.1.1.v201501272100'>
      <properties size='1'>
        <property name='download.size' value='181438'/>
      </properties>
    </artifact>
    <artifact classifier='osgi.bundle' id='org.dslforge.workspace' version='1.0.0.201510271741'>
      <properties size='1'>
        <property name='download.size' value='2930947'/>
      </properties>
    </artifact>
    <artifact classifier='osgi.bundle' id='org.eclipse.emf.rap.common.ui' version='2.9.0.v20150806-0404'>
      <properties size='1'>
        <property name='download.size' value='77009'/>
      </properties>
    </artifact>
    <artifact classifier='osgi.bundle' id='org.eclipse.emf.ecore' version='2.11.1.v20150805-0538'>
      <properties size='1'>
        <property name='download.size' value='1190159'/>
      </properties>
    </artifact>
    <artifact classifier='osgi.bundle' id='org.dslforge.xtext.common' version='1.0.0.201510271741'>
      <properties size='1'>
        <property name='download.size' value='5188270'/>
      </properties>
    </artifact>
    <artifact classifier='osgi.bundle' id='org.eclipse.jdt.core' version='3.11.1.v20150902-1521'>
      <properties size='1'>
        <property name='download.size' value='5717817'/>
      </properties>
    </artifact>
    <artifact classifier='osgi.bundle' id='org.eclipse.rap.ui.views' version='3.0.1.20150709-1405'>
      <properties size='1'>
        <property name='download.size' value='82269'/>
      </properties>
    </artifact>
    <artifact classifier='osgi.bundle' id='org.eclipse.equinox.http.servletbridge' version='1.0.300.v20130327-1442'>
      <properties size='1'>
        <property name='download.size' value='9243'/>
      </properties>
    </artifact>
    <artifact classifier='osgi.bundle' id='javax.mail' version='1.4.0.v201005080615'>
      <properties size='1'>
        <property name='download.size' value='321636'/>
      </properties>
    </artifact>
    <artifact classifier='osgi.bundle' id='org.eclipse.rap.ui.navigator' version='1.4.0.20120709-1436'>
      <properties size='1'>
        <property name='download.size' value='400210'/>
      </properties>
    </artifact>
    <artifact classifier='osgi.bundle' id='org.eclipse.xtext.smap' version='2.8.4.v201508050135'>
      <properties size='1'>
        <property name='download.size' value='16612'/>
      </properties>
    </artifact>
    <artifact classifier='osgi.bundle' id='org.xtext.example.mydsl.web' version='1.0.0.20151027-1741'>
      <properties size='1'>
        <property name='download.size' value='354160'/>
      </properties>
    </artifact>
    <artifact classifier='osgi.bundle' id='org.eclipse.equinox.preferences' version='3.5.300.v20150408-1437'>
      <properties size='1'>
        <property name='download.size' value='128643'/>
      </properties>
    </artifact>
    <artifact classifier='osgi.bundle' id='javax.xml' version='1.3.4.v201005080400'>
      <properties size='1'>
        <property name='download.size' value='252201'/>
      </properties>
    </artifact>
    <artifact classifier='osgi.bundle' id='org.eclipse.equinox.app' version='1.3.300.v20150423-1356'>
      <properties size='1'>
        <property name='download.size' value='86680'/>
      </properties>
    </artifact>
    <artifact classifier='osgi.bundle' id='org.eclipse.core.resources' version='3.10.1.v20150725-1910'>
      <properties size='1'>
        <property name='download.size' value='884203'/>
      </properties>
    </artifact>
    <artifact classifier='osgi.bundle' id='org.eclipse.persistence.jpa.jpql' version='2.6.1.v20150916-55dc7c3'>
      <properties size='1'>
        <property name='download.size' value='1413431'/>
      </properties>
    </artifact>
    <artifact classifier='osgi.bundle' id='org.eclipse.persistence.antlr' version='3.2.0.v201302191141'>
      <properties size='1'>
        <property name='download.size' value='189646'/>
      </properties>
    </artifact>
    <artifact classifier='osgi.bundle' id='com.google.guava' version='15.0.0.v201403281430'>
      <properties size='1'>
        <property name='download.size' value='2264167'/>
      </properties>
    </artifact>
    <artifact classifier='osgi.bundle' id='org.eclipse.equinox.http.registry' version='1.1.300.v20130402-1529'>
      <properties size='1'>
        <property name='download.size' value='45207'/>
      </properties>
    </artifact>
    <artifact classifier='osgi.bundle' id='org.eclipse.emf.mwe2.lib' version='2.8.1.v201508030321'>
      <properties size='1'>
        <property name='download.size' value='32219'/>
      </properties>
    </artifact>
    <artifact classifier='osgi.bundle' id='org.eclipse.xtext.example.arithmetics.web' version='1.0.0.20151027-1741'>
      <properties size='1'>
        <property name='download.size' value='370023'/>
      </properties>
    </artifact>
    <artifact classifier='osgi.bundle' id='org.eclipse.rap.rwt.osgi' version='3.0.1.20150709-1405'>
      <properties size='1'>
        <property name='download.size' value='39351'/>
      </properties>
    </artifact>
    <artifact classifier='osgi.bundle' id='org.eclipse.rap.jface.databinding' version='3.0.1.20150709-1405'>
      <properties size='1'>
        <property name='download.size' value='286702'/>
      </properties>
    </artifact>
    <artifact classifier='osgi.bundle' id='org.eclipse.emf.ecore.xmi' version='2.11.1.v20150805-0538'>
      <properties size='1'>
        <property name='download.size' value='230426'/>
      </properties>
    </artifact>
    <artifact classifier='osgi.bundle' id='org.eclipse.core.jobs' version='3.7.0.v20150330-2103'>
      <properties size='1'>
        <property name='download.size' value='107123'/>
      </properties>
    </artifact>
    <artifact classifier='osgi.bundle' id='org.eclipse.xtend' version='2.1.0.v201505260349'>
      <properties size='1'>
        <property name='download.size' value='546418'/>
      </properties>
    </artifact>
    <artifact classifier='osgi.bundle' id='org.eclipse.equinox.registry' version='3.6.0.v20150318-1503'>
      <properties size='1'>
        <property name='download.size' value='182901'/>
      </properties>
    </artifact>
    <artifact classifier='osgi.bundle' id='org.apache.commons.logging' version='1.1.1.v201101211721'>
      <properties size='1'>
        <property name='download.size' value='73632'/>
      </properties>
    </artifact>
    <artifact classifier='osgi.bundle' id='org.eclipse.xtext' version='2.8.4.v201508050135'>
      <properties size='1'>
        <property name='download.size' value='2576443'/>
      </properties>
    </artifact>
    <artifact classifier='osgi.bundle' id='org.eclipse.xtend.lib.macro' version='2.8.4.v201508050135'>
      <properties size='1'>
        <property name='download.size' value='72740'/>
      </properties>
    </artifact>
    <artifact classifier='osgi.bundle' id='com.ibm.icu' version='54.1.1.v201501272100'>
      <properties size='1'>
        <property name='download.size' value='11411288'/>
      </properties>
    </artifact>
    <artifact classifier='osgi.bundle' id='org.eclipse.xtext.ecore' version='2.8.4.v201508050135'>
      <properties size='1'>
        <property name='download.size' value='16268'/>
      </properties>
    </artifact>
    <artifact classifier='osgi.bundle' id='org.eclipse.xtend.typesystem.emf' version='2.1.0.v201505260349'>
      <properties size='1'>
        <property name='download.size' value='64852'/>
      </properties>
    </artifact>
    <artifact classifier='osgi.bundle' id='org.eclipse.core.commands' version='3.7.0.v20150422-0725'>
      <properties size='1'>
        <property name='download.size' value='113716'/>
      </properties>
    </artifact>
    <artifact classifier='osgi.bundle' id='org.eclipse.core.filesystem' version='1.5.0.v20150725-1910'>
      <properties size='1'>
        <property name='download.size' value='61505'/>
      </properties>
    </artifact>
    <artifact classifier='osgi.bundle' id='org.eclipse.text' version='3.5.400.v20150505-1044'>
      <properties size='1'>
        <property name='download.size' value='253256'/>
      </properties>
    </artifact>
    <artifact classifier='osgi.bundle' id='org.apache.ant' version='1.9.4.v201504302020'>
      <properties size='1'>
        <property name='download.size' value='2421300'/>
      </properties>
      <repositoryProperties size='1'>
        <property name='artifact.folder' value='true'/>
      </repositoryProperties>
    </artifact>
    <artifact classifier='osgi.bundle' id='javax.activation' version='1.1.0.v201211130549'>
      <properties size='1'>
        <property name='download.size' value='55674'/>
      </properties>
    </artifact>
    <artifact classifier='osgi.bundle' id='org.eclipse.emf.edit' version='2.11.1.v20150806-0404'>
      <properties size='1'>
        <property name='download.size' value='278989'/>
      </properties>
    </artifact>
    <artifact classifier='osgi.bundle' id='org.eclipse.xtext.example.arithmetics' version='2.8.3.20151027-1741'>
      <properties size='1'>
        <property name='download.size' value='138494'/>
      </properties>
    </artifact>
    <artifact classifier='osgi.bundle' id='org.eclipse.emf.codegen' version='2.11.0.v20150806-0404'>
      <properties size='1'>
        <property name='download.size' value='289120'/>
      </properties>
    </artifact>
    <artifact classifier='osgi.bundle' id='org.eclipse.equinox.security' version='1.2.100.v20150423-1356'>
      <properties size='1'>
        <property name='download.size' value='108521'/>
      </properties>
    </artifact>
    <artifact classifier='osgi.bundle' id='org.eclipse.emf.mwe.core' version='1.3.11.v201508030321'>
      <properties size='1'>
        <property name='download.size' value='191275'/>
      </properties>
    </artifact>
    <artifact classifier='osgi.bundle' id='org.eclipse.xtext.generator' version='2.8.4.v201508050135'>
      <properties size='1'>
        <property name='download.size' value='994275'/>
      </properties>
    </artifact>
    <artifact classifier='osgi.bundle' id='org.eclipse.jdt.debug' version='3.9.0.v20150528-1838'>
      <properties size='1'>
        <property name='download.size' value='918456'/>
      </properties>
      <repositoryProperties size='1'>
        <property name='artifact.folder' value='true'/>
      </repositoryProperties>
    </artifact>
  </artifacts>
</repository>
